City_ID,City,Lat,Lng,Max Temp,Humidity,Cloudiness,Wind Speed,Country,Pressue,Date
0,blackmans bay,-43.0167,147.3167,50.74,94.0,100.0,6.89,AU,1014.0,1717378886.0
1,waitangi,-43.9535,-176.5597,50.83,89.0,58.0,20.0,NZ,1005.0,1717378887.0
2,egilsstadir,65.2653,-14.3948,42.71,49.0,75.0,9.22,IS,999.0,1717378888.0
3,margate,51.3813,1.3862,53.69,86.0,73.0,3.0,GB,1023.0,1717378889.0
4,carnarvon,-24.8667,113.6333,67.59,53.0,21.0,8.08,AU,1022.0,1717378890.0
5,betio village,1.358,172.9211,89.64,73.0,72.0,8.55,KI,1009.0,1717378891.0
6,oranjemund,-28.55,16.4333,51.64,86.0,36.0,11.63,NA,1017.0,1717378892.0
7,grytviken,-54.2811,-36.5092,28.11,95.0,100.0,8.43,GS,996.0,1717378893.0
8,west island,-12.1568,96.8225,80.58,89.0,75.0,11.5,CC,1013.0,1717378894.0
9,bethel,41.3712,-73.414,71.76,67.0,0.0,1.01,US,1013.0,1717378896.0
10,port-aux-francais,-49.35,70.2167,32.72,69.0,100.0,41.65,TF,988.0,1717378897.0
11,invercargill,-46.4,168.35,53.02,79.0,7.0,17.0,NZ,1028.0,1717378898.0
12,georgetown,5.4112,100.3354,82.35,78.0,40.0,3.44,MY,1012.0,1717378861.0
13,puerto natales,-51.7236,-72.4875,28.17,91.0,72.0,3.69,CL,1023.0,1717378775.0
14,adamstown,-25.066,-130.1015,71.89,80.0,34.0,9.64,PN,1014.0,1717378878.0
15,victorica,-36.2151,-65.4359,41.74,67.0,99.0,9.93,AR,1032.0,1717378902.0
16,yellowknife,62.456,-114.3525,56.41,65.0,20.0,8.05,CA,1008.0,1717378903.0
17,lihue,21.9789,-159.3672,83.44,71.0,0.0,18.41,US,1020.0,1717378904.0
18,sabha,27.0377,14.4283,83.86,33.0,96.0,9.46,LY,1010.0,1717378905.0
19,mar del plata,-38.0023,-57.5575,47.95,86.0,75.0,10.0,AR,1022.0,1717378906.0
20,guerrero negro,27.9769,-114.0611,61.93,83.0,7.0,21.21,MX,1013.0,1717378907.0
21,bismarck,46.8083,-100.7837,75.04,46.0,0.0,11.5,US,1004.0,1717378576.0
22,mount pearl,47.5166,-52.7813,49.32,98.0,100.0,12.66,CA,1016.0,1717378910.0
23,mata-utu,-13.2816,-176.1745,82.47,72.0,44.0,26.42,WF,1010.0,1717378911.0
24,tolanaro,-25.0319,46.9987,60.87,94.0,0.0,0.0,MG,1017.0,1717378912.0
25,chipping ongar,51.7038,0.2455,56.77,88.0,59.0,1.99,GB,1037.0,1717378913.0
26,san patricio,28.017,-97.5169,85.95,81.0,100.0,17.6,US,1009.0,1717378914.0
27,igarka,67.4667,86.5833,33.03,82.0,90.0,4.0,RU,1007.0,1717378915.0
28,puerto ayora,-0.7393,-90.3518,72.55,96.0,4.0,5.66,EC,1011.0,1717378916.0
29,tete,-16.1564,33.5867,67.03,58.0,0.0,2.26,MZ,1014.0,1717378917.0
30,iqaluit,63.7506,-68.5145,31.73,86.0,100.0,9.22,CA,1024.0,1717378636.0
31,letterkenny,54.95,-7.7333,53.35,92.0,100.0,7.54,IE,1025.0,1717378919.0
32,tamandare,-8.7597,-35.1047,76.95,86.0,41.0,9.71,BR,1017.0,1717378920.0
33,kerikeri,-35.2268,173.9474,65.62,40.0,100.0,2.57,NZ,1024.0,1717378922.0
34,ilulissat,69.2167,-51.1,32.02,74.0,20.0,4.61,GL,1030.0,1717378923.0
35,port mathurin,-19.6833,63.4167,75.6,80.0,23.0,15.77,MU,1015.0,1717378924.0
36,severo-yeniseyskiy,60.3725,93.0408,42.58,80.0,100.0,4.0,RU,1012.0,1717378925.0
37,nchelenge,-9.3451,28.734,68.2,71.0,8.0,5.28,ZM,1013.0,1717378926.0
38,isafjordur,66.0755,-23.124,30.99,87.0,100.0,11.81,IS,1008.0,1717378927.0
39,ad dilam,23.9915,47.1627,86.41,15.0,0.0,5.97,SA,1008.0,1717378928.0
40,nova sintra,14.8667,-24.7167,76.68,75.0,7.0,15.73,CV,1016.0,1717378929.0
41,shanghai,31.2222,121.4581,78.67,41.0,0.0,4.47,CN,1012.0,1717378288.0
42,nikolayevsk-on-amure,53.1406,140.73,44.22,76.0,96.0,11.01,RU,1013.0,1717378931.0
43,portland,45.5234,-122.6762,60.91,94.0,100.0,8.99,US,1008.0,1717378921.0
44,hithadhoo,-0.6,73.0833,83.75,69.0,100.0,5.12,MV,1011.0,1717378934.0
45,lubang,13.8584,120.124,85.71,70.0,100.0,3.69,PH,1010.0,1717378935.0
46,cestos city,5.46,-9.5828,77.07,94.0,100.0,7.85,LR,1014.0,1717378936.0
47,kitimat,54.0524,-128.6534,57.58,93.0,100.0,1.54,CA,997.0,1717378937.0
48,guankou,28.15,113.6333,71.4,90.0,100.0,2.26,CN,1011.0,1717378938.0
49,la passe,45.5549,-0.8967,57.97,83.0,100.0,7.07,FR,1022.0,1717378939.0
50,mokhsogollokh,61.4681,128.9203,68.23,27.0,42.0,1.95,RU,1017.0,1717378940.0
51,coahuayana de hidalgo,18.7,-103.6583,77.18,76.0,97.0,0.6,MX,1010.0,1717378941.0
52,albany,42.6001,-73.9662,70.79,68.0,100.0,5.06,US,1013.0,1717378943.0
53,priob'ye,62.5206,65.5964,42.03,49.0,99.0,3.98,RU,1014.0,1717378944.0
54,ad dabbah,18.05,30.95,85.46,12.0,2.0,9.1,SD,1006.0,1717378945.0
55,colonia,50.9333,6.95,53.96,84.0,75.0,5.75,DE,1021.0,1717378836.0
56,jamestown,42.097,-79.2353,63.99,98.0,100.0,6.91,US,1015.0,1717378418.0
57,papatowai,-46.5619,169.4708,50.9,73.0,31.0,15.66,NZ,1025.0,1717378948.0
58,huarmey,-10.0681,-78.1522,63.9,85.0,32.0,4.12,PE,1014.0,1717378949.0
59,petropavlovsk-kamchatsky,53.0452,158.6483,63.19,25.0,75.0,6.71,RU,1024.0,1717378950.0
60,hailey,43.5196,-114.3153,69.31,55.0,99.0,10.29,US,1006.0,1717378821.0
61,chonchi,-42.6128,-73.8092,38.12,92.0,100.0,0.07,CL,1021.0,1717378952.0
62,avarua,-21.2078,-159.775,71.65,83.0,40.0,1.14,CK,1015.0,1717378953.0
63,naze,28.3667,129.4833,76.12,64.0,92.0,15.48,JP,1007.0,1717378955.0
64,chimbote,-9.0853,-78.5783,63.75,86.0,11.0,5.73,PE,1014.0,1717378956.0
65,mwinilunga,-11.7358,24.4293,59.02,51.0,0.0,1.23,ZM,1015.0,1717378957.0
66,narvik,68.4384,17.4272,52.81,90.0,100.0,1.99,NO,1004.0,1717378958.0
67,cidreira,-30.1811,-50.2056,64.02,83.0,63.0,6.04,BR,1017.0,1717378959.0
68,st. john's,47.5649,-52.7093,50.14,98.0,100.0,12.66,CA,1016.0,1717378912.0
69,tiksi,71.6872,128.8694,47.91,68.0,99.0,7.34,RU,1018.0,1717378961.0
70,edinburgh of the seven seas,-37.0676,-12.3116,53.13,54.0,88.0,19.8,SH,1033.0,1717378962.0
71,banyuls de la marenda,42.4837,3.129,67.17,76.0,9.0,11.68,FR,1018.0,1717378963.0
72,al bawiti,28.3492,28.8659,76.75,31.0,0.0,6.17,EG,1011.0,1717378965.0
73,torghay,49.6339,63.4981,62.49,58.0,100.0,4.76,KZ,1022.0,1717378966.0
74,vadso,70.0744,29.7487,43.68,93.0,100.0,18.41,NO,1008.0,1717378967.0
75,aykhal,66.0,111.5,56.12,34.0,12.0,7.4,RU,1015.0,1717378968.0
76,acarau,-2.8856,-40.12,76.89,90.0,29.0,10.47,BR,1014.0,1717378969.0
77,longyearbyen,78.2186,15.6401,40.84,75.0,75.0,13.8,SJ,1004.0,1717378970.0
78,zahedan,29.4963,60.8629,66.11,18.0,0.0,4.61,IR,1015.0,1717378971.0
79,ciudad victoria,23.7333,-99.1333,90.48,36.0,100.0,16.11,MX,1013.0,1717378972.0
80,yigo village,13.5361,144.8886,87.12,67.0,100.0,8.05,GU,1012.0,1717378973.0
81,ribeira grande,38.5167,-28.7,61.77,90.0,54.0,7.0,PT,1017.0,1717378974.0
82,papao,-17.75,-149.55,83.88,68.0,35.0,1.72,PF,1013.0,1717378975.0
83,tongliao,43.6125,122.2653,77.02,34.0,0.0,3.78,CN,1013.0,1717378977.0
84,stanley,54.868,-1.6985,54.28,88.0,0.0,10.36,GB,1021.0,1717378946.0
85,patterson,37.4716,-121.1297,83.95,36.0,88.0,8.48,US,1009.0,1717378979.0
86,kailua-kona,19.6406,-155.9956,82.36,84.0,100.0,10.36,US,1018.0,1717378980.0
87,kingston,17.997,-76.7936,83.35,74.0,40.0,9.22,JM,1013.0,1717378210.0
88,new norfolk,-42.7826,147.0587,51.93,97.0,100.0,3.0,AU,1015.0,1717378982.0
89,am timan,11.0297,20.2827,84.25,50.0,4.0,4.72,TD,1008.0,1717378983.0
90,utrik,11.2278,169.8474,82.99,78.0,29.0,18.86,MH,1011.0,1717378984.0
91,yendi,9.4427,-0.0099,76.95,84.0,99.0,6.46,GH,1012.0,1717378985.0
92,dolores,-36.3132,-57.6792,45.37,71.0,3.0,12.35,AR,1024.0,1717378986.0
93,bubaque,11.2833,-15.8333,79.05,79.0,17.0,15.41,GW,1013.0,1717378880.0
94,luderitz,-26.6481,15.1594,53.4,87.0,34.0,13.89,NA,1018.0,1717378989.0
95,bamboo flat,11.7,92.7167,82.49,89.0,40.0,2.3,IN,1010.0,1717378990.0
96,taiohae,,,,,,,,,
97,skelleftea,64.7507,20.9528,53.96,95.0,97.0,3.44,SE,995.0,1717378992.0
98,sitka,57.0531,-135.33,55.29,54.0,75.0,13.8,US,994.0,1717378993.0
99,linhares,-19.3911,-40.0722,66.15,89.0,11.0,4.92,BR,1023.0,1717378972.0
100,puerto san carlos,,,,,,,,,
101,postmasburg,,,,,,,,,
102,weno,7.4515,151.8468,85.95,84.0,75.0,8.05,FM,1011.0,1717378997.0
103,champagnole,46.7445,5.9135,58.5,99.0,100.0,3.18,FR,1018.0,1717378998.0
104,camana,-16.6228,-72.7111,62.13,87.0,64.0,3.38,PE,1016.0,1717379000.0
105,san andres,12.5847,-81.7006,84.22,89.0,20.0,10.36,CO,1010.0,1717379001.0
106,talnakh,69.4865,88.3972,29.21,94.0,71.0,5.06,RU,1009.0,1717379002.0
107,kralendijk,12.15,-68.2667,84.18,84.0,20.0,19.57,BQ,1011.0,1717378831.0
108,akureyri,65.6835,-18.0878,42.73,56.0,75.0,4.61,IS,1001.0,1717379004.0
109,kuqa,41.7278,82.9364,73.58,24.0,52.0,1.72,CN,1010.0,1717379005.0
110,uturoa,-16.7333,-151.4333,80.69,68.0,29.0,7.56,PF,1012.0,1717379006.0
111,zanzibar,-6.1639,39.1979,74.8,90.0,20.0,4.52,TZ,1014.0,1717379007.0
112,kirakira,-10.4544,161.9205,85.96,69.0,47.0,6.49,SB,1010.0,1717379008.0
113,fortuna,40.5982,-124.1573,65.93,89.0,100.0,4.61,US,1016.0,1717379009.0
114,qaqortoq,60.7167,-46.0333,37.62,89.0,92.0,0.98,GL,1025.0,1717379011.0
115,ushuaia,-54.8,-68.3,37.06,60.0,0.0,3.44,AR,1016.0,1717378842.0
116,olonkinbyen,70.9221,-8.7187,29.86,100.0,100.0,24.43,SJ,988.0,1717379013.0
117,sorong,-0.8833,131.25,84.67,75.0,46.0,11.59,ID,1010.0,1717379014.0
118,vila velha,-20.3297,-40.2925,69.75,88.0,75.0,3.44,BR,1023.0,1717379015.0
119,kataragama,,,,,,,,,
120,tidjikja,18.5564,-11.4271,82.09,24.0,0.0,9.73,MR,1011.0,1717379017.0
121,neya,58.2972,43.8681,62.15,91.0,8.0,1.9,RU,1011.0,1717379018.0
122,ta`u,-14.2336,-169.5144,80.08,75.0,99.0,20.62,AS,1011.0,1717379019.0
123,bardaskan,,,,,,,,,
124,boguchany,58.3814,97.4531,57.85,49.0,4.0,5.01,RU,1012.0,1717379022.0
125,port elizabeth,-33.918,25.5701,63.1,97.0,75.0,8.05,ZA,1012.0,1717379023.0
126,daru,-9.0763,143.2092,80.67,76.0,86.0,13.58,PG,1010.0,1717379024.0
127,kenai,60.5544,-151.2583,60.03,44.0,100.0,16.11,US,994.0,1717379025.0
128,turabah,21.2141,41.6331,76.95,12.0,0.0,1.81,SA,1011.0,1717379026.0
129,ghanzi,-21.5667,21.7833,39.7,34.0,0.0,9.35,BW,1019.0,1717379027.0
130,fukuecho,32.6881,128.8419,70.16,68.0,40.0,9.22,JP,1010.0,1717379028.0
131,puerto aysen,-45.4,-72.7,32.43,98.0,100.0,3.29,CL,1027.0,1717378783.0
132,vyerkhnyadzvinsk,55.7815,27.9443,57.27,93.0,100.0,5.35,BY,1006.0,1717379030.0
133,lompoc,34.6391,-120.4579,64.02,83.0,100.0,11.5,US,1013.0,1717378896.0
134,marsa alam,25.0757,34.8918,82.27,43.0,0.0,11.45,EG,1006.0,1717378770.0
135,thompson,55.7435,-97.8558,55.56,62.0,75.0,0.0,CA,1006.0,1717378877.0
136,labytnangi,66.6572,66.4183,27.37,86.0,90.0,0.92,RU,1018.0,1717379035.0
137,whitehorse,60.7161,-135.0538,63.01,32.0,75.0,11.5,CA,994.0,1717379036.0
138,dudinka,69.4058,86.1778,29.68,88.0,100.0,1.99,RU,1009.0,1717379037.0
139,mejit,10.2753,170.8646,82.99,82.0,10.0,19.19,MH,1011.0,1717379038.0
140,khovd,48.0056,91.6419,66.36,25.0,93.0,10.29,MN,1007.0,1717379039.0
141,olinda,-8.0089,-34.8553,76.73,94.0,75.0,3.44,BR,1016.0,1717378842.0
142,zouerate,22.7187,-12.4521,74.14,45.0,0.0,12.15,MR,1013.0,1717379041.0
143,la sarre,48.8002,-79.1996,58.41,77.0,44.0,4.61,CA,1013.0,1717378972.0
144,matthew town,20.95,-73.6667,80.71,79.0,100.0,16.49,BS,1015.0,1717379043.0
145,medina,24.4686,39.6142,95.43,6.0,0.0,9.22,SA,1010.0,1717378448.0
146,bodden town,19.2833,-81.25,84.99,82.0,75.0,6.91,KY,1014.0,1717379046.0
147,margaret river,-33.95,115.0667,64.2,55.0,9.0,8.16,AU,1019.0,1717379047.0
148,pandan,14.0453,124.1694,88.97,62.0,1.0,2.08,PH,1009.0,1717379048.0
149,shuangcheng,45.35,126.2833,69.48,49.0,6.0,4.16,CN,1013.0,1717379049.0
150,saipan,15.1355,145.701,88.5,62.0,0.0,8.05,MP,1012.0,1717379050.0
151,yazman,29.1212,71.7446,94.15,26.0,0.0,18.32,PK,1002.0,1717379051.0
152,meadow lake,34.8014,-106.5436,86.22,7.0,0.0,14.88,US,1004.0,1717379052.0
153,chokwe,-24.5333,32.9833,65.75,91.0,6.0,4.9,MZ,1015.0,1717379053.0
154,bandarbeyla,9.4942,50.8122,80.46,73.0,40.0,18.68,SO,1008.0,1717379054.0
155,floro,61.5996,5.0328,53.56,94.0,100.0,11.5,NO,1011.0,1717379055.0
156,inirida,3.8653,-67.9239,75.02,96.0,94.0,1.14,CO,1014.0,1717379056.0
157,cungus,38.2125,39.2856,48.69,34.0,46.0,8.59,TR,1015.0,1717379058.0
158,khandyga,62.6667,135.6,68.49,29.0,100.0,4.7,RU,1016.0,1717379059.0
159,tual,-5.6667,132.75,81.36,80.0,34.0,22.77,ID,1010.0,1717379060.0
160,hasaki,35.7333,140.8333,70.29,90.0,100.0,14.38,JP,1007.0,1717379061.0
161,poronaysk,49.2167,143.1167,40.39,92.0,100.0,1.5,RU,1016.0,1717379062.0
162,masterton,-40.9597,175.6575,58.89,66.0,100.0,6.55,NZ,1023.0,1717379063.0
163,keflavik,64.0049,-22.5624,42.71,75.0,100.0,25.32,IS,1005.0,1717379064.0
164,mwene-ditu,-7.0,23.45,70.09,71.0,70.0,4.03,CD,1011.0,1717379065.0
165,westerstede,53.25,7.9333,54.99,71.0,95.0,10.11,DE,1019.0,1717379066.0
166,sarmiento,-45.5882,-69.07,37.24,71.0,7.0,5.37,AR,1028.0,1717378894.0
167,nemuro,43.3236,145.575,47.08,87.0,39.0,6.2,JP,1018.0,1717379069.0
168,trancas,-26.2314,-65.2803,58.51,83.0,97.0,13.73,AR,1025.0,1717378802.0
169,toga village,,,,,,,,,
170,santa terezinha,-29.9002,-50.0904,64.8,79.0,17.0,5.32,BR,1017.0,1717379072.0
171,rawson,-43.3002,-65.1023,41.07,69.0,28.0,9.95,AR,1030.0,1717379073.0
172,geraldton,-28.7667,114.6,66.61,77.0,75.0,3.44,AU,1022.0,1717379074.0
173,bokhan,53.153,103.7714,63.63,61.0,26.0,4.41,RU,1012.0,1717379075.0
174,walterboro,32.9052,-80.6668,75.06,78.0,75.0,4.61,US,1019.0,1717379076.0
175,sao gabriel da cachoeira,-0.1303,-67.0892,73.87,99.0,100.0,1.34,BR,1014.0,1717379077.0
176,yuzhno-kurilsk,44.0306,145.8556,44.38,88.0,49.0,9.73,RU,1018.0,1717379079.0
177,pauini,-7.7136,-66.9764,78.73,70.0,100.0,1.81,BR,1013.0,1717379080.0
178,bredasdorp,-34.5322,20.0403,53.98,87.0,99.0,6.04,ZA,1010.0,1717379081.0
179,puerto colombia,10.9878,-74.9547,84.29,86.0,47.0,12.71,CO,1009.0,1717379082.0
180,hermanus,-34.4187,19.2345,52.81,81.0,83.0,7.85,ZA,1010.0,1717379083.0
181,la'ie,21.6477,-157.9253,84.16,78.0,3.0,5.99,US,1018.0,1717379084.0
182,puerto el triunfo,13.2833,-88.55,81.61,87.0,70.0,8.21,SV,1010.0,1717379085.0
183,holualoa,19.6228,-155.9522,78.64,84.0,100.0,10.36,US,1019.0,1717379086.0
184,acopiara,-6.0953,-39.4525,75.2,75.0,91.0,3.47,BR,1016.0,1717379087.0
185,bathsheba,13.2167,-59.5167,83.01,83.0,40.0,18.41,BB,1015.0,1717379088.0
186,rongelap,11.1635,166.8941,82.87,82.0,66.0,17.87,MH,1011.0,1717379090.0
187,imbituva,-25.23,-50.6044,54.77,88.0,0.0,0.94,BR,1024.0,1717379091.0
188,newman,37.3138,-121.0208,86.23,38.0,92.0,8.99,US,1010.0,1717379092.0
189,arteaga,18.4667,-102.4167,74.5,61.0,100.0,4.63,MX,1012.0,1717379093.0
190,porto novo,6.4965,2.6036,76.82,87.0,100.0,0.65,BJ,1013.0,1717379094.0
191,butterworth,5.3991,100.3638,84.24,78.0,40.0,3.44,MY,1012.0,1717379095.0
192,gaiman,-43.2897,-65.4929,38.28,71.0,1.0,6.2,AR,1030.0,1717379096.0
193,port shepstone,-30.7414,30.455,69.67,86.0,68.0,26.91,ZA,1012.0,1717379097.0
194,novouzensk,50.4592,48.1431,63.16,89.0,32.0,8.16,RU,1012.0,1717379098.0
195,tazacorte,28.629,-17.9293,68.97,94.0,0.0,11.5,ES,1017.0,1717379099.0
196,anadyr,64.75,177.4833,43.3,65.0,20.0,8.95,RU,1016.0,1717379100.0
197,ibshaway,29.358,30.6814,75.33,47.0,0.0,11.01,EG,1011.0,1717379102.0
198,coari,-4.085,-63.1414,75.24,98.0,100.0,2.95,BR,1014.0,1717379103.0
199,salinopolis,-0.6136,-47.3561,79.72,85.0,87.0,11.54,BR,1015.0,1717379104.0
200,miandrivazo,-19.5167,45.4667,73.71,55.0,60.0,1.99,MG,1015.0,1717379105.0
201,batangafo,7.3008,18.2833,74.39,75.0,69.0,4.29,CF,1010.0,1717379106.0
202,arraial do cabo,-22.9661,-42.0278,72.23,75.0,2.0,17.94,BR,1023.0,1717379108.0
203,okhotsk,59.3833,143.3,45.12,73.0,100.0,18.01,RU,1019.0,1717379109.0
204,laredo,27.5064,-99.5075,97.09,46.0,0.0,16.11,US,1005.0,1717379057.0
205,alaghsas,17.0187,8.0168,90.14,30.0,41.0,8.25,NE,1009.0,1717379111.0
206,bilibino,68.0546,166.4372,54.9,37.0,54.0,3.36,RU,1018.0,1717379112.0
207,sandy,40.572,-111.8606,78.82,32.0,42.0,1.99,US,1005.0,1717379113.0
208,tranovaho,,,,,,,,,
209,constantia,44.1833,28.65,66.88,72.0,55.0,6.31,RO,1015.0,1717379061.0
210,rupert,42.6191,-113.6772,71.55,37.0,20.0,6.91,US,1010.0,1717379116.0
211,saynshand,44.8824,110.1163,75.02,13.0,31.0,15.88,MN,1011.0,1717379117.0
212,vershino-darasunskiy,52.35,115.5167,76.91,23.0,74.0,2.59,RU,1009.0,1717379119.0
213,san antonio de pale,-1.4014,5.6325,77.99,77.0,100.0,14.99,GQ,1013.0,1717379120.0
214,enid,36.3956,-97.8784,77.16,65.0,0.0,13.8,US,1007.0,1717378856.0
215,lospalos,-8.5186,127.0025,78.94,76.0,35.0,10.94,TL,1013.0,1717379122.0
216,okha,53.5739,142.9478,38.25,89.0,100.0,14.0,RU,1008.0,1717379123.0
217,khorixas,-20.3667,14.9667,38.86,78.0,0.0,2.33,NA,1019.0,1717379124.0
218,codrington,-38.2667,141.9667,53.13,62.0,97.0,3.69,AU,1016.0,1717379125.0
219,izyaslav,50.1195,26.8213,54.12,92.0,6.0,7.47,UA,1013.0,1717379126.0
220,zelenoborskiy,66.845,32.3622,44.62,97.0,100.0,7.36,RU,1008.0,1717379127.0
221,punta arenas,-53.15,-70.9167,33.91,86.0,0.0,6.91,CL,1021.0,1717379037.0
222,sidney,-33.8679,151.2073,62.44,52.0,0.0,17.27,AU,1011.0,1717379129.0
223,san antonio del estrecho,,,,,,,,,
224,fayzabad,37.1166,70.58,73.08,38.0,0.0,1.16,AF,1015.0,1717379132.0
225,cabo san lucas,22.8909,-109.9124,93.51,17.0,0.0,10.36,MX,1009.0,1717379012.0
226,claudio,-20.4433,-44.7658,62.55,84.0,100.0,3.4,BR,1024.0,1717379134.0
227,port lincoln,-34.7333,135.8667,57.38,45.0,100.0,15.21,AU,1014.0,1717379135.0
228,karratha,-20.7377,116.8463,73.2,40.0,0.0,15.77,AU,1018.0,1717379136.0
229,quelimane,-17.8786,36.8883,68.4,97.0,2.0,3.65,MZ,1014.0,1717379137.0
230,djambala,-2.5447,14.7533,68.02,96.0,95.0,4.32,CG,1013.0,1717379138.0
231,callao,-12.0667,-77.15,63.72,82.0,100.0,4.61,PE,1014.0,1717379140.0
232,lakehills,29.6047,-98.9431,91.51,60.0,99.0,19.86,US,1007.0,1717379057.0
233,east london,-33.0153,27.9116,65.25,91.0,99.0,11.88,ZA,1008.0,1717379107.0
234,alice springs,-23.7,133.8833,58.55,58.0,100.0,12.66,AU,1016.0,1717379143.0
235,vidyayevo,69.3191,32.8049,45.68,93.0,100.0,5.55,RU,1008.0,1717379144.0
236,hadibu,12.65,54.0333,82.49,78.0,78.0,12.1,YE,1007.0,1717379145.0
237,dingtao,35.0683,115.5625,91.69,20.0,8.0,4.81,CN,1011.0,1717379146.0
238,vilyuchinsk,52.9306,158.4028,62.87,54.0,74.0,3.13,RU,1025.0,1717379147.0
239,idri,27.5,13.2667,83.66,32.0,100.0,10.87,LY,1010.0,1717379148.0
240,udachny,66.4167,112.4,55.45,38.0,100.0,8.68,RU,1015.0,1717379149.0
241,tromso,69.6496,18.957,50.02,76.0,75.0,6.91,NO,1003.0,1717379150.0
242,gwanda,-20.9333,29.0,63.48,50.0,0.0,8.9,ZW,1011.0,1717379151.0
243,tura,25.5198,90.2201,79.3,79.0,37.0,4.83,IN,1007.0,1717379153.0
244,grand falls-windsor,48.9332,-55.6649,53.42,99.0,100.0,9.57,CA,1015.0,1717379154.0
245,cavalaire-sur-mer,43.174,6.5272,59.16,66.0,2.0,2.39,FR,1015.0,1717379155.0
246,marka,1.7159,44.7717,79.3,87.0,97.0,15.48,SO,1012.0,1717379156.0
247,urangan,-25.3,152.9,69.21,59.0,0.0,11.99,AU,1012.0,1717379157.0
248,bludenz,47.1497,9.8167,57.47,87.0,100.0,1.63,AT,1017.0,1717379158.0
249,abashiri,44.0213,144.2697,62.89,45.0,75.0,14.97,JP,1014.0,1717379159.0
250,walvis bay,-22.9575,14.5053,50.09,87.0,0.0,11.5,NA,1020.0,1717379160.0
251,tsiombe,-25.3,45.4833,64.13,83.0,0.0,3.62,MG,1019.0,1717379161.0
252,churapcha,62.0025,132.4325,68.41,26.0,100.0,6.26,RU,1017.0,1717379162.0
253,puerto baquerizo moreno,-0.9,-89.6,71.6,86.0,17.0,7.07,EC,1013.0,1717378930.0
254,beledweyne,4.7358,45.2036,78.13,72.0,14.0,13.6,SO,1011.0,1717379165.0
255,selfoss,63.9331,-20.9971,39.04,70.0,36.0,18.52,IS,1006.0,1717379166.0
256,bulayevo,54.9056,70.4439,58.14,71.0,91.0,11.27,KZ,1016.0,1717379167.0
257,holdrege,40.4403,-99.3698,76.28,67.0,0.0,12.66,US,1006.0,1717379168.0
258,lypova dolyna,50.5643,33.7979,57.92,95.0,7.0,6.11,UA,1013.0,1717379169.0
259,peace river,56.2501,-117.286,66.51,42.0,20.0,14.97,CA,1000.0,1717378662.0
260,saudarkrokur,65.7461,-19.6394,33.98,97.0,100.0,13.13,IS,1005.0,1717379171.0
261,mahina,-17.5065,-149.489,83.97,65.0,20.0,9.22,PF,1012.0,1717379172.0
262,tyre,33.2733,35.1939,76.21,77.0,0.0,9.98,LB,1010.0,1717379173.0
263,bahia de kino,28.8333,-111.9333,81.25,60.0,100.0,7.9,MX,1007.0,1717379013.0
264,revda,56.801,59.9303,59.34,63.0,6.0,7.45,RU,1015.0,1717379175.0
265,pisco,-13.7,-76.2167,62.65,82.0,100.0,1.14,PE,1015.0,1717379177.0
266,chibougamau,49.9168,-74.3659,67.62,56.0,100.0,3.44,CA,1015.0,1717379178.0
267,tucupita,9.0622,-62.051,76.84,95.0,100.0,3.22,VE,1014.0,1717379179.0
268,olovyannaya,50.95,115.5667,80.31,20.0,8.0,7.94,RU,1009.0,1717379180.0
269,soledade,-28.8183,-52.5103,56.5,93.0,53.0,4.23,BR,1021.0,1717379181.0
270,gutao,37.2025,112.1781,79.02,35.0,8.0,5.3,CN,1013.0,1717379182.0
271,cabedelo,-6.9811,-34.8339,75.87,85.0,10.0,10.4,BR,1016.0,1717379183.0
272,cooma,-36.2333,149.1333,44.58,85.0,100.0,7.87,AU,1008.0,1717379184.0
273,palikir - national government center,6.9248,158.1611,81.45,94.0,100.0,6.91,FM,1012.0,1717379185.0
274,freeport,40.6576,-73.5832,75.56,80.0,0.0,10.36,US,1015.0,1717378600.0
275,college,64.8569,-147.8028,70.45,33.0,75.0,4.61,US,990.0,1717379183.0
276,pionerskiy,54.9508,20.2275,62.44,97.0,100.0,11.32,RU,1010.0,1717379189.0
277,khorinsk,52.1657,109.7726,72.36,33.0,99.0,4.36,RU,1009.0,1717379190.0
278,port saint john's,-31.6229,29.5448,68.97,83.0,95.0,17.18,ZA,1011.0,1717379191.0
279,cukai,4.25,103.4167,80.55,89.0,100.0,3.22,MY,1012.0,1717379192.0
280,loukhi,66.0764,33.0381,49.28,96.0,100.0,5.68,RU,1007.0,1717379193.0
281,price,39.5994,-110.8107,81.66,14.0,0.0,14.97,US,1013.0,1717379194.0
282,turpan,42.9333,89.1667,90.27,14.0,48.0,3.4,CN,1005.0,1717379195.0
283,nema,57.5067,50.5011,61.02,90.0,7.0,6.33,RU,1014.0,1717379196.0
284,ibra',,,,,,,,,
285,salinas,36.6777,-121.6555,74.21,80.0,100.0,10.36,US,1015.0,1717378792.0
286,labrador city,52.9463,-66.9114,66.11,30.0,75.0,4.61,CA,1014.0,1717379112.0
287,saint-philippe,-21.3585,55.7679,65.79,71.0,2.0,4.97,RE,1020.0,1717379201.0
288,merizo village,13.2658,144.6691,88.36,83.0,100.0,6.2,GU,1010.0,1717379202.0
289,vyaz'ma,55.2104,34.2951,58.75,96.0,84.0,5.1,RU,1007.0,1717379203.0
290,shushenskoye,53.325,91.9356,57.15,63.0,100.0,6.93,RU,1012.0,1717379204.0
291,bahar,34.9072,48.4414,51.96,62.0,0.0,2.3,IR,1021.0,1717379205.0
292,mu'minobod,38.1085,70.0285,66.83,56.0,37.0,6.73,TJ,1014.0,1717379206.0
293,enoch,37.7733,-113.0244,78.48,24.0,5.0,1.99,US,1007.0,1717379207.0
294,crane,31.3974,-102.3501,84.63,48.0,28.0,16.08,US,1005.0,1717379208.0
295,tralee,52.2704,-9.7026,52.14,98.0,100.0,5.06,IE,1029.0,1717379209.0
296,polyarnyy,69.1989,33.4478,47.26,91.0,100.0,7.58,RU,1008.0,1717379211.0
297,canoinhas,-26.1772,-50.39,52.99,96.0,0.0,1.83,BR,1024.0,1717379212.0
298,belmont north,-33.0154,151.674,61.63,63.0,46.0,5.01,AU,1011.0,1717379213.0
299,wicklow,53.0,-6.4167,54.05,87.0,100.0,4.14,IE,1026.0,1717379214.0
300,piranshahr,36.701,45.1413,55.54,72.0,0.0,6.64,IR,1019.0,1717379215.0
301,katsuura,35.1333,140.3,65.35,89.0,100.0,12.5,JP,1007.0,1717379216.0
302,srednebelaya,50.6594,128.0106,53.98,61.0,100.0,5.64,RU,1015.0,1717379217.0
303,nar'yan-mar,67.6713,53.087,32.11,98.0,16.0,5.99,RU,1017.0,1717379218.0
304,noosa heads,-26.3833,153.15,68.11,42.0,0.0,5.97,AU,1014.0,1717379219.0
305,aras-asan,8.8908,126.3033,84.81,71.0,100.0,4.85,PH,1009.0,1717379220.0
306,tofol,5.3248,163.0078,78.58,94.0,100.0,3.44,FM,1011.0,1717379221.0
307,la ronge,55.1001,-105.2842,52.05,54.0,75.0,4.61,CA,1008.0,1717379223.0
308,atherton,53.5237,-2.4935,57.25,88.0,100.0,1.99,GB,1023.0,1717379224.0
309,chitradurga,14.2333,76.4,73.44,83.0,100.0,10.49,IN,1011.0,1717379225.0
310,sur,22.5667,59.5289,86.68,64.0,1.0,12.19,OM,1003.0,1717379226.0
311,petoskey,45.3733,-84.9553,66.13,90.0,0.0,0.0,US,1017.0,1717379030.0
312,san francisco de la paz,14.9,-86.2,72.05,92.0,70.0,3.56,HN,1014.0,1717379228.0
313,qamdo,31.1667,97.2333,55.33,39.0,91.0,6.89,CN,1003.0,1717379229.0
314,dakhla,23.6848,-15.958,67.01,91.0,6.0,15.01,EH,1015.0,1717379230.0
315,beardstown,40.0176,-90.4243,71.76,79.0,91.0,6.26,US,1012.0,1717379231.0
316,wailua homesteads,22.0669,-159.378,82.83,77.0,0.0,18.41,US,1020.0,1717379232.0
317,aripuana,-9.1667,-60.6333,77.27,61.0,47.0,2.26,BR,1013.0,1717379233.0
318,fort wellington,6.4,-57.6,80.46,85.0,100.0,12.53,GY,1014.0,1717379235.0
319,howrah,22.5892,88.3103,86.0,70.0,40.0,4.61,IN,1005.0,1717379236.0
320,lebu,-37.6167,-73.65,47.53,59.0,100.0,1.81,CL,1016.0,1717379237.0
321,kuytun,54.3419,101.5036,63.09,55.0,9.0,2.26,RU,1011.0,1717379238.0
322,mechanicville,42.9029,-73.6873,72.99,67.0,100.0,3.87,US,1014.0,1717379239.0
323,smithers,54.7804,-127.1743,55.72,67.0,100.0,4.61,CA,996.0,1717379240.0
324,touros,-5.1989,-35.4608,77.29,88.0,6.0,8.52,BR,1015.0,1717379241.0
325,dunhua,43.3725,128.2425,68.41,52.0,2.0,2.66,CN,1013.0,1717378972.0
326,tamanrasset,22.785,5.5228,76.91,15.0,40.0,6.91,DZ,1020.0,1717379243.0
327,hammerfest,70.6634,23.6821,50.45,81.0,100.0,2.3,NO,1004.0,1717379244.0
328,zhangjiakou,40.81,114.8794,75.27,28.0,28.0,5.7,CN,1013.0,1717379245.0
329,gouloure,12.2306,-1.9289,89.33,60.0,100.0,8.59,BF,1012.0,1717379247.0
330,enewetak,11.3474,162.3373,82.98,83.0,100.0,16.37,MH,1011.0,1717379248.0
331,bela,25.9333,81.9833,99.05,27.0,0.0,7.78,IN,1002.0,1717379249.0
332,carutapera,-1.195,-46.02,75.94,94.0,15.0,6.67,BR,1015.0,1717379250.0
333,alderetes,-26.8167,-65.1333,58.21,69.0,100.0,5.3,AR,1027.0,1717379251.0
334,tianfu,37.1936,122.0511,80.42,27.0,0.0,7.29,CN,1011.0,1717379252.0
335,isaccea,45.2667,28.4667,64.89,63.0,34.0,5.48,RO,1015.0,1717379253.0
336,springs,-26.25,28.4,54.32,89.0,8.0,20.62,ZA,1011.0,1717379254.0
337,morales,2.757,-76.6172,61.3,95.0,79.0,1.34,CO,1016.0,1717379256.0
338,tazovsky,67.4667,78.7,28.6,97.0,78.0,3.91,RU,1011.0,1717379257.0
339,hede,33.7681,120.2517,84.76,32.0,7.0,12.77,CN,1010.0,1717379258.0
340,iranshahr,27.2025,60.6848,89.53,10.0,0.0,2.86,IR,1005.0,1717379259.0
341,silveira,39.1112,-9.3643,68.72,90.0,0.0,1.99,PT,1012.0,1717379260.0
342,namtsy,62.7161,129.6658,72.48,21.0,96.0,4.14,RU,1016.0,1717379261.0
343,dawson creek,55.7666,-120.2362,65.84,32.0,20.0,11.5,CA,998.0,1717379161.0
344,bojia,26.4672,111.9681,71.38,89.0,99.0,2.01,CN,1011.0,1717379263.0
345,shofirkon shahri,,,,,,,,,
346,kabanga,-2.6386,30.4678,60.8,86.0,72.0,1.25,TZ,1014.0,1717379265.0
347,badger,64.8,-147.5333,70.36,32.0,75.0,4.61,US,991.0,1717379266.0
348,karamay,,,,,,,,,
349,zeya,53.75,127.2667,63.48,27.0,0.0,6.02,RU,1016.0,1717379269.0
350,wamba,8.9333,8.6,73.44,88.0,62.0,1.59,NG,1013.0,1717379270.0
351,fort bragg,35.139,-79.006,75.49,80.0,100.0,5.75,US,1017.0,1717379271.0
352,kununurra,-15.7667,128.7333,78.78,47.0,93.0,3.44,AU,1014.0,1717379272.0
353,robertsport,6.7533,-11.3686,80.82,82.0,100.0,9.55,LR,1013.0,1717379273.0
354,berezovyy,51.6667,135.7,62.73,30.0,20.0,3.58,RU,1014.0,1717379274.0
355,afaahiti,-17.75,-149.2833,82.27,68.0,12.0,5.93,PF,1013.0,1717379275.0
356,laascaanood,8.4774,47.3597,77.27,58.0,37.0,18.3,SO,1011.0,1717379276.0
357,deqing,30.5448,119.9599,80.6,43.0,38.0,4.07,CN,1012.0,1717379277.0
358,saldanha,-33.0117,17.9442,55.45,86.0,92.0,11.79,ZA,1013.0,1717379278.0
359,ust-nera,64.5667,143.2,62.74,27.0,85.0,2.33,RU,1017.0,1717379280.0
360,harran,36.86,39.0314,76.55,24.0,0.0,7.65,TR,1011.0,1717379281.0
361,lukolela,-1.0605,17.1821,71.71,95.0,35.0,3.74,CD,1010.0,1717379282.0
362,aga,30.9415,31.2915,68.95,77.0,0.0,6.11,EG,1012.0,1717379283.0
363,remire-montjoly,4.9167,-52.2667,77.04,100.0,100.0,2.3,GF,1014.0,1717379284.0
364,majuro,7.0897,171.3803,83.25,80.0,97.0,16.35,MH,1010.0,1717379285.0
365,sola,-13.8833,167.55,79.86,84.0,65.0,16.44,VU,1011.0,1717379286.0
366,akhty,41.4597,47.7312,50.97,85.0,0.0,4.03,RU,1025.0,1717379287.0
367,harstad,68.799,16.5293,52.81,86.0,100.0,17.0,NO,1000.0,1717379288.0
368,minas de marcona,-15.2119,-75.1103,53.56,84.0,2.0,6.78,PE,1015.0,1717379289.0
369,mount isa,-20.7333,139.5,65.97,37.0,29.0,10.36,AU,1017.0,1717379290.0
370,lloydminster,53.2835,-110.0016,64.62,29.0,40.0,6.91,CA,1004.0,1717379231.0
371,castillos,-34.1667,-53.8333,45.25,94.0,100.0,4.94,UY,1022.0,1717379293.0
372,nahan,30.55,77.3,90.18,14.0,0.0,3.78,IN,1004.0,1717379294.0
373,fuvahmulah,,,,,,,,,
374,tadine,-21.55,167.8833,74.28,79.0,100.0,16.08,NC,1015.0,1717379296.0
375,santiago,-33.4569,-70.6483,73.89,65.0,100.0,3.44,CL,1014.0,1717378860.0
376,dalandzadgad,43.5708,104.425,73.63,20.0,100.0,8.14,MN,1009.0,1717379298.0
377,bargara,,,,,,,,,
378,peniche,39.3558,-9.3811,65.08,91.0,0.0,1.21,PT,1014.0,1717379300.0
379,wajir,1.7471,40.0573,75.65,73.0,16.0,11.34,KE,1013.0,1717379302.0
380,talcahuano,-36.7167,-73.1167,46.08,76.0,0.0,5.75,CL,1014.0,1717379303.0
381,prince albert,53.2001,-105.7677,66.15,32.0,40.0,2.3,CA,1004.0,1717379234.0
382,al jawf,29.5,38.75,82.09,18.0,0.0,7.83,SA,1009.0,1717379305.0
383,kodiak,57.79,-152.4072,44.11,100.0,100.0,8.05,US,991.0,1717379306.0
384,coruripe,-10.1256,-36.1756,77.92,70.0,72.0,9.46,BR,1017.0,1717379077.0
385,susuman,62.7833,148.1667,56.98,32.0,96.0,1.99,RU,1018.0,1717379308.0
386,kimbe,-5.5502,150.1429,88.93,59.0,17.0,6.08,PG,1009.0,1717379309.0
387,talas,38.6908,35.5538,56.07,77.0,0.0,2.3,TR,1021.0,1717379310.0
388,lucapa,-8.4192,20.7447,66.43,41.0,59.0,2.77,AO,1012.0,1717379311.0
389,tosontsengel,48.7567,98.2839,58.3,45.0,0.0,1.92,MN,1011.0,1717379313.0
390,brookings,44.3114,-96.7984,73.74,73.0,0.0,17.27,US,1004.0,1717379244.0
391,atafu village,-8.5421,-172.5159,83.8,76.0,16.0,10.11,TK,1008.0,1717379315.0
392,port glaud,,,,,,,,,
393,nguigmi,14.2495,13.1092,85.69,40.0,7.0,8.23,NE,1008.0,1717379317.0
394,luckeesarai,25.1833,86.0833,97.14,35.0,58.0,3.49,IN,1003.0,1717379318.0
395,agadez,19.75,10.25,92.21,17.0,95.0,5.5,NE,1008.0,1717379319.0
396,fale old settlement,-9.3852,-171.2468,83.53,76.0,24.0,13.02,TK,1008.0,1717379320.0
397,sabang,5.8933,95.3214,84.43,72.0,98.0,6.96,ID,1012.0,1717379321.0
398,strezhevoy,60.7333,77.5889,34.97,62.0,62.0,5.99,RU,1017.0,1717379322.0
399,gadzhiyevo,69.2551,33.3362,47.35,91.0,100.0,7.92,RU,1008.0,1717379323.0
400,benjamin constant,-4.3831,-70.0311,78.93,91.0,100.0,2.08,BR,1013.0,1717379325.0
401,ilabaya,-17.4208,-70.5133,65.93,39.0,2.0,0.27,PE,1017.0,1717379326.0
402,ataq,14.5377,46.8319,77.86,49.0,9.0,4.65,YE,1010.0,1717379327.0
403,ubinskoye,55.3068,79.6802,56.32,70.0,21.0,5.61,RU,1014.0,1717379328.0
404,kapa'a,22.0752,-159.319,84.18,77.0,0.0,18.41,US,1020.0,1717379329.0
405,terekli-mekteb,44.1671,45.8698,70.34,47.0,0.0,8.3,RU,1018.0,1717379330.0
406,isle of lewis,,,,,,,,,
407,mesyagutovo,55.5303,58.2528,60.13,83.0,0.0,4.99,RU,1017.0,1717379332.0
408,monaghan,54.25,-6.9667,53.94,89.0,100.0,6.33,IE,1025.0,1717379333.0
409,acapulco de juarez,16.8634,-99.8901,85.82,74.0,75.0,4.61,MX,1009.0,1717379334.0
410,xinmin,41.9908,122.8253,75.36,38.0,0.0,8.95,CN,1013.0,1717379335.0
411,sao vicente,-23.9631,-46.3919,74.26,26.0,100.0,3.06,BR,1013.0,1717379140.0
412,hawaiian paradise park,19.5933,-154.9731,79.88,81.0,100.0,11.5,US,1018.0,1717379338.0
413,ancud,-41.8697,-73.8203,42.76,84.0,100.0,7.36,CL,1020.0,1717379339.0
414,terrace,54.5163,-128.6035,57.11,76.0,100.0,6.91,CA,995.0,1717379340.0
415,rozaje,,,,,,,,,
416,faya-largeau,17.9257,19.1043,91.24,16.0,16.0,8.01,TD,1007.0,1717379342.0
417,suicheng,33.8963,117.9331,88.99,22.0,13.0,11.23,CN,1011.0,1717379343.0
418,mont-dore,-22.2833,166.5833,78.78,99.0,88.0,14.7,NC,1014.0,1717379344.0
419,nuuk,64.1835,-51.7216,38.01,93.0,100.0,2.3,GL,1026.0,1717379345.0
420,mizdah,31.4451,12.9801,77.95,49.0,96.0,6.06,LY,1012.0,1717379346.0
421,vorgashor,67.5833,63.95,18.81,98.0,77.0,4.72,RU,1019.0,1717379348.0
422,abay,49.6311,72.8539,46.78,62.0,0.0,2.62,KZ,1022.0,1717379349.0
423,haiku-pauwela,20.9219,-156.3051,80.62,71.0,40.0,19.57,US,1016.0,1717379350.0
424,al jumum,21.6169,39.6981,82.74,64.0,0.0,2.39,SA,1006.0,1717379351.0
425,ijuw,,,,,,,,,
426,ciudad lazaro cardenas,17.9583,-102.2,79.9,78.0,96.0,6.69,MX,1010.0,1717379278.0
427,tangalle,6.024,80.7911,78.96,88.0,100.0,8.43,LK,1010.0,1717379354.0
428,brisas de zicatela,15.8369,-97.0419,88.32,84.0,100.0,3.44,MX,1011.0,1717379355.0
429,najran,17.4924,44.1277,79.45,19.0,70.0,3.94,SA,1012.0,1717379357.0
430,klyuchi,52.2667,79.1667,59.14,55.0,87.0,6.67,RU,1017.0,1717379358.0
431,nashtarud,,,,,,,,,
432,iskateley,67.6803,53.1512,32.02,98.0,15.0,5.99,RU,1017.0,1717379360.0
433,ahau,,,,,,,,,
434,loreto,22.2667,-101.9667,71.91,45.0,51.0,26.44,MX,1013.0,1717379362.0
435,guichon,-32.35,-57.2,47.17,91.0,100.0,3.62,UY,1025.0,1717379363.0
436,balan,46.6505,25.8083,50.18,90.0,99.0,2.91,RO,1017.0,1717379364.0
437,antofagasta,-23.65,-70.4,60.08,81.0,21.0,2.37,CL,1015.0,1717379304.0
438,hayma',,,,,,,,,
439,ternate,0.8,127.4,82.71,79.0,64.0,5.95,ID,1010.0,1717379368.0
440,mersa matruh,31.3525,27.2453,71.28,71.0,0.0,2.59,EG,1013.0,1717379369.0
441,sirte,31.2089,16.5887,77.97,59.0,10.0,8.77,LY,1010.0,1717379370.0
442,pekanbaru,0.5333,101.45,79.12,94.0,20.0,8.05,ID,1010.0,1717379371.0
443,dhalie,13.6957,44.7314,75.2,53.0,9.0,0.54,YE,1010.0,1717379372.0
444,morehead city,34.7229,-76.726,76.01,71.0,0.0,13.8,US,1019.0,1717379373.0
445,port augusta,-32.5,137.7667,58.17,38.0,95.0,16.84,AU,1018.0,1717379374.0
446,hanzhong,33.0728,107.0303,69.21,69.0,100.0,2.26,CN,1013.0,1717379375.0
447,tarawa,1.419,172.984,89.69,70.0,20.0,6.91,KI,1008.0,1717379376.0
448,nizao,18.25,-70.2,78.48,82.0,100.0,10.87,DO,1014.0,1717379377.0
449,mana,5.6592,-53.7767,78.64,88.0,91.0,7.81,GF,1015.0,1717379378.0
450,micheweni,-4.9667,39.8333,76.84,84.0,73.0,9.1,TZ,1013.0,1717379380.0
451,porbandar,21.6422,69.6093,84.76,71.0,0.0,10.42,IN,1007.0,1717379381.0
452,sovetskaya gavan',48.9723,140.2878,53.11,60.0,45.0,8.28,RU,1016.0,1717379382.0
453,alofi,-19.0595,-169.9187,78.69,61.0,75.0,19.57,NU,1015.0,1717379383.0
454,louis trichardt,-23.0439,29.9032,57.16,68.0,20.0,8.12,ZA,1014.0,1717379384.0
455,qina,26.1642,32.7267,83.68,22.0,0.0,4.63,EG,1007.0,1717379385.0
456,qarah zia' od din,38.8915,45.0255,56.26,60.0,0.0,3.24,IR,1018.0,1717379386.0
457,hamilton,39.1834,-84.5333,71.55,90.0,100.0,0.0,US,1013.0,1717379127.0
458,pyay,18.8167,95.2167,80.37,84.0,100.0,5.99,MM,1008.0,1717379388.0
459,island harbour,50.724,-1.2758,57.22,80.0,100.0,8.05,GB,1023.0,1717379389.0
460,paita,-5.0892,-81.1144,66.78,79.0,16.0,13.8,PE,1013.0,1717379390.0
461,dongola,19.1667,30.4833,86.18,11.0,0.0,11.86,SD,1006.0,1717379392.0
462,naxos,37.1056,25.3764,75.31,51.0,0.0,1.01,GR,1014.0,1717379393.0
463,tindouf,27.6711,-8.1474,77.45,33.0,0.0,16.11,DZ,1008.0,1717379394.0
464,ingeniero guillermo n. juarez,-23.9,-61.85,73.33,52.0,59.0,8.66,AR,1016.0,1717379395.0
465,yreka,41.7354,-122.6345,71.78,61.0,100.0,6.91,US,1014.0,1717379396.0
466,noyabrsk,63.1994,75.4507,33.73,74.0,34.0,8.66,RU,1016.0,1717379397.0
467,eirunepe,-6.6603,-69.8736,78.15,70.0,95.0,1.41,BR,1013.0,1717379395.0
468,labuan lombok,,,,,,,,,
469,kulia village,,,,,,,,,
470,wuyang,31.9925,116.2472,81.55,39.0,64.0,5.97,CN,1012.0,1717379401.0
471,castlegar,49.2998,-117.6689,56.98,98.0,100.0,3.67,CA,1002.0,1717379403.0
472,serra talhada,-7.9919,-38.2983,70.02,94.0,85.0,11.65,BR,1018.0,1717379372.0
473,charters towers,-20.1,146.2667,70.48,27.0,1.0,5.26,AU,1015.0,1717379405.0
474,pontes e lacerda,-15.2261,-59.3353,72.34,62.0,1.0,2.62,BR,1015.0,1717379254.0
475,kangding,30.0513,101.9603,55.2,96.0,99.0,4.5,CN,1015.0,1717379407.0
476,malango,-2.9627,119.9001,76.8,86.0,65.0,2.57,ID,1013.0,1717379408.0
477,ola,59.5833,151.2833,56.14,68.0,90.0,10.4,RU,1023.0,1717379409.0
478,thunder bay,48.4001,-89.3168,62.58,51.0,40.0,6.91,CA,1012.0,1717379360.0
479,maragogi,-9.0122,-35.2225,76.59,85.0,43.0,9.31,BR,1017.0,1717379412.0
480,hobyo,5.3505,48.5268,79.47,80.0,36.0,18.84,SO,1010.0,1717379413.0
481,boende,-0.2167,20.8667,73.92,85.0,48.0,1.59,CD,1010.0,1717379414.0
482,baruun-urt,46.6806,113.2792,73.29,18.0,49.0,12.37,MN,1012.0,1717379415.0
483,contamana,-7.3333,-75.0167,73.36,69.0,5.0,2.59,PE,1013.0,1717379416.0
484,stara zagora,42.4328,25.6419,63.43,78.0,94.0,2.66,BG,1016.0,1717379417.0
485,serdar,38.9764,56.2757,70.93,64.0,0.0,23.0,TM,1017.0,1717379418.0
486,shihezi,44.3,86.0333,74.3,37.0,9.0,8.63,CN,1012.0,1717379419.0
487,swift current,50.2834,-107.8014,67.01,42.0,20.0,9.22,CA,1004.0,1717379420.0
488,tateyama,34.9833,139.8667,67.68,80.0,100.0,9.55,JP,1007.0,1717379422.0
489,goundam,16.4145,-3.6708,91.9,30.0,10.0,5.66,ML,1009.0,1717379423.0
490,argo,37.6333,22.7333,73.36,50.0,43.0,3.11,GR,1015.0,1717379424.0
491,joal-fadiout,14.1667,-16.8333,72.61,79.0,100.0,11.61,SN,1013.0,1717379425.0
492,russkaya polyana,49.417,31.9201,58.5,87.0,1.0,5.53,UA,1014.0,1717379426.0
493,laguna,38.421,-121.4238,90.32,44.0,0.0,12.66,US,1010.0,1717379427.0
494,namibe,-15.1961,12.1522,61.3,71.0,19.0,3.51,AO,1015.0,1717379428.0
495,phang nga,8.4509,98.5298,86.04,86.0,99.0,0.65,TH,1013.0,1717379429.0
496,ridgecrest,35.6225,-117.6709,96.66,17.0,0.0,12.66,US,1004.0,1717379313.0
497,sao joao da barra,-21.6403,-41.0511,71.69,79.0,68.0,5.77,BR,1024.0,1717379431.0
498,neyyattinkara,8.4,77.0833,80.46,86.0,100.0,6.71,IN,1009.0,1717379433.0
499,taltal,-25.4,-70.4833,60.67,81.0,26.0,4.23,CL,1015.0,1717379434.0
500,lorengau,-2.0226,147.2712,86.58,68.0,20.0,9.08,PG,1009.0,1717379435.0
501,aasiaat,68.7098,-52.8699,25.29,87.0,15.0,3.98,GL,1031.0,1717379436.0
502,quellon,-43.1167,-73.6167,42.91,82.0,100.0,4.36,CL,1020.0,1717379295.0
503,sinop,41.7711,34.8709,65.48,54.0,0.0,4.61,TR,1018.0,1717379438.0
504,nantucket,41.2835,-70.0995,66.0,88.0,0.0,10.36,US,1015.0,1717379220.0
505,uribia,11.7139,-72.266,87.82,61.0,100.0,7.61,CO,1009.0,1717379440.0
506,lerwick,60.1545,-1.1494,50.0,81.0,2.0,20.31,GB,1013.0,1717379441.0
507,xiva,41.3783,60.3639,75.18,23.0,92.0,21.43,UZ,1013.0,1717379442.0
508,keta,5.9179,0.9879,77.22,86.0,100.0,5.59,GH,1012.0,1717379443.0
509,lobujya,27.95,86.8167,28.81,67.0,14.0,1.74,NP,1022.0,1717379444.0
510,mahajanga,-15.7167,46.3167,71.62,78.0,0.0,3.44,MG,1014.0,1717379446.0
511,cornelio procopio,-23.1811,-50.6467,59.58,63.0,0.0,4.92,BR,1021.0,1717379447.0
512,eraan,9.0629,117.7016,88.68,65.0,100.0,5.06,PH,1010.0,1717379448.0
513,barcelos,41.5388,-8.6151,71.74,58.0,0.0,8.03,PT,1014.0,1717379449.0
514,markivka,49.5229,39.5705,63.3,68.0,56.0,6.67,UA,1015.0,1717379450.0
515,malvan,16.0667,73.4667,85.48,74.0,100.0,3.02,IN,1009.0,1717379451.0
516,port alfred,-33.5906,26.891,62.19,94.0,100.0,14.83,ZA,1008.0,1717379452.0
517,ponta delgada,37.7333,-25.6667,65.19,94.0,40.0,4.61,PT,1017.0,1717379453.0
518,sinabang,2.4803,96.3801,84.43,74.0,99.0,4.05,ID,1012.0,1717379454.0
519,santa cruz,-17.8,-63.1667,71.06,83.0,0.0,8.05,BO,1013.0,1717379456.0
520,arba minch,6.0333,37.55,66.09,88.0,52.0,2.21,ET,1016.0,1717379457.0
521,lashio,22.9333,97.75,76.12,86.0,98.0,1.88,MM,1009.0,1717379458.0
522,monguno,12.6786,13.6079,87.73,44.0,7.0,8.59,NG,1008.0,1717379459.0
523,puerto ayacucho,5.6639,-67.6236,77.27,92.0,100.0,3.51,VE,1013.0,1717379460.0
524,wewak,-3.5534,143.6268,83.55,79.0,4.0,9.08,PG,1010.0,1717379461.0
525,cangzhou,38.3167,116.8667,87.13,20.0,37.0,5.77,CN,1012.0,1717379462.0
526,kharp,66.8014,65.8081,26.71,84.0,87.0,0.98,RU,1018.0,1717379463.0
527,izhmorskiy,56.194,86.6414,56.25,65.0,13.0,6.13,RU,1012.0,1717380464.0
528,padangsidempuan,1.3667,99.2667,75.96,95.0,98.0,2.91,ID,1013.0,1717380558.0
529,chegdomyn,51.1167,133.0167,61.93,26.0,1.0,3.71,RU,1014.0,1717380559.0
530,devakottai,9.95,78.8167,84.7,73.0,100.0,4.88,IN,1008.0,1717380560.0
531,candido mendes,-1.4467,-45.7167,74.34,97.0,24.0,3.04,BR,1015.0,1717380561.0
532,saint-nicolas-de-port,48.6309,6.3004,57.04,77.0,100.0,3.44,FR,1020.0,1717380562.0
533,yarovoye,52.9273,78.58,58.69,60.0,93.0,9.19,RU,1017.0,1717380314.0
534,viedma,-40.8135,-62.9967,45.77,62.0,76.0,13.33,AR,1029.0,1717380536.0
535,gogrial,8.5332,28.1004,79.74,58.0,15.0,4.79,SS,1009.0,1717380566.0
536,holmsund,63.706,20.3641,53.94,87.0,86.0,4.61,SE,1004.0,1717380567.0
537,jinghong,21.991,100.7341,76.62,89.0,98.0,1.86,CN,1009.0,1717380568.0
538,yinchuan,38.4681,106.2731,71.49,41.0,53.0,4.83,CN,1012.0,1717380569.0
539,melfort,52.8667,-104.6177,54.37,65.0,83.0,11.12,CA,1004.0,1717380570.0
540,sibut,5.718,19.0739,74.57,78.0,74.0,3.27,CF,1011.0,1717380429.0
541,vanino,49.0869,140.2543,52.93,55.0,49.0,8.21,RU,1016.0,1717380572.0
542,nako,31.8814,78.627,52.34,45.0,2.0,3.96,IN,1020.0,1717380573.0
543,iquique,-20.2208,-70.1431,60.67,75.0,100.0,6.04,CL,1016.0,1717380574.0
544,puerto deseado,-47.7503,-65.8938,36.43,74.0,6.0,7.05,AR,1027.0,1717380576.0
545,howard springs,-12.497,131.047,82.31,59.0,14.0,8.81,AU,1013.0,1717380577.0
546,sisimiut,66.9395,-53.6735,30.0,75.0,5.0,7.25,GL,1030.0,1717380578.0
547,kapuskasing,49.4169,-82.4331,59.81,53.0,0.0,4.47,CA,1012.0,1717380542.0
548,ahmadpur,18.7,76.9333,83.61,60.0,100.0,12.03,IN,1009.0,1717380580.0
549,cacheu,12.2706,-16.1658,75.96,75.0,10.0,7.67,GW,1013.0,1717380581.0
550,palenque,17.5167,-91.9667,89.91,40.0,100.0,5.59,MX,1008.0,1717380582.0
551,zilair,52.2332,57.4392,60.84,90.0,95.0,1.77,RU,1019.0,1717380583.0
552,belmonte,-15.8631,-38.8828,73.54,90.0,68.0,7.31,BR,1021.0,1717380584.0
553,basco,20.4487,121.9702,83.41,84.0,100.0,21.59,PH,1008.0,1717380585.0
554,hihifo,,,,,,,,,
555,yantzaza,-3.8278,-78.7594,67.64,96.0,83.0,0.96,EC,1017.0,1717380588.0
556,wellington,-41.2866,174.7756,56.07,77.0,100.0,12.66,NZ,1021.0,1717380384.0
557,jericho,31.8667,35.45,90.61,23.0,0.0,4.5,PS,1008.0,1717380334.0
558,vilyuysk,63.7553,121.6247,73.0,42.0,10.0,10.0,RU,1014.0,1717380591.0
559,kirensk,57.7853,108.1119,55.96,61.0,100.0,5.99,RU,1014.0,1717380592.0
560,the pas,53.8251,-101.2541,52.21,65.0,11.0,7.67,CA,1006.0,1717380593.0
561,monte patria,-30.6919,-70.9467,69.8,30.0,100.0,2.33,CL,1013.0,1717380594.0
562,am djarass,,,,,,,,,
563,vernon,50.2581,-119.2691,58.3,84.0,100.0,2.73,CA,999.0,1717380548.0
564,northam,51.0333,-4.2167,55.62,89.0,93.0,5.79,GB,1026.0,1717380597.0
565,mil'kovo,55.6078,37.7956,63.99,96.0,89.0,4.09,RU,1009.0,1717380598.0
566,kidal,18.4411,1.4078,91.17,22.0,3.0,10.33,ML,1009.0,1717380600.0
567,trinidad,-14.8333,-64.9,70.12,70.0,3.0,2.59,BO,1013.0,1717380599.0
568,siluko,6.5386,5.1609,73.72,98.0,100.0,2.39,NG,1012.0,1717380602.0
569,santa isabel,-23.3156,-46.2214,65.91,84.0,16.0,1.81,BR,1024.0,1717380603.0
570,sol'-iletsk,51.1631,54.9918,65.14,75.0,97.0,8.41,RU,1017.0,1717380604.0
571,lahaina,20.8783,-156.6825,82.4,89.0,45.0,9.66,US,1018.0,1717380605.0
572,hankasalmi,62.3833,26.4333,56.91,99.0,25.0,2.93,FI,1005.0,1717380607.0
573,cloverdale,38.8055,-123.0172,83.32,56.0,91.0,4.0,US,1011.0,1717380373.0
